timestamp,mq7,mq8,mq135,temperature,humidity
1677070379,1182.0,1291.0,1449.0,25.8,38.0
1677070401,1158.0,1264.0,1407.0,25.8,34.0
1677070421,1145.0,1155.0,1415.0,25.8,34.0
1677070442,1167.0,1143.0,1419.0,25.8,34.0
1677070462,1171.0,1069.0,1403.0,25.8,34.0
1677070482,1168.0,1046.0,1399.0,25.8,34.0
1677070503,1155.0,1072.0,1396.0,25.8,34.0
1677070523,1153.0,1031.0,1395.0,25.8,34.0
1677070545,1173.0,1041.0,1421.0,25.8,34.0
1677070565,1165.0,1040.0,1419.0,25.8,34.0
1677070588,1170.0,1047.0,1415.0,25.8,34.0
1677070609,1150.0,1036.0,1391.0,25.8,34.0
1677070629,1164.0,1033.0,1390.0,25.8,34.0
1677070649,1207.0,1097.0,1385.0,25.8,34.0
1677070672,1136.0,1073.0,1381.0,25.8,34.0
1677070694,1104.0,961.0,1274.0,,
1677070715,1136.0,1182.0,1385.0,25.8,34.0
1677070735,1137.0,1186.0,1381.0,25.8,34.0
1677070755,1184.0,1170.0,1389.0,25.8,34.0
1677070779,1152.0,1623.0,1385.0,25.8,34.0
1677070800,1141.0,1350.0,1416.0,25.8,34.0
1677070820,1156.0,1328.0,1407.0,25.8,34.0
1677070840,1146.0,1263.0,1398.0,25.8,34.0
1677070861,1138.0,1185.0,1407.0,25.8,34.0
1677070881,1133.0,1133.0,1414.0,25.8,34.0
1677070901,1131.0,1115.0,1428.0,25.8,34.0
1677070923,1104.0,1177.0,1424.0,25.8,34.0
1677070943,1121.0,1203.0,1408.0,25.8,34.0
1677070965,1125.0,1206.0,1406.0,25.8,34.0
1677070986,1182.0,1291.0,1403.0,25.8,34.0
1677071002,1125.0,1219.0,1397.0,25.8,34.0
1677071022,1117.0,1233.0,1406.0,25.8,34.0
1677071042,1104.0,1447.0,1407.0,25.8,34.0
1677071063,1113.0,1734.0,1417.0,25.8,34.0
1677071083,1115.0,1103.0,1413.0,25.8,34.0
1677071103,1116.0,1083.0,1427.0,25.8,34.0
1677071124,1132.0,1424.0,1427.0,25.8,34.0
1677071146,1121.0,1106.0,1435.0,25.8,34.0
1677071166,1131.0,1072.0,1435.0,25.8,34.0
1677071186,1103.0,1071.0,1422.0,25.8,34.0
1677071207,1143.0,1099.0,1441.0,25.8,34.0
1677071227,1115.0,1113.0,1413.0,25.8,34.0
1677071248,1123.0,1189.0,1418.0,25.8,34.0
1677071268,1142.0,1312.0,1461.0,25.8,34.0
1677071288,1104.0,1715.0,1413.0,25.8,34.0
1677071309,1099.0,1717.0,1415.0,25.8,34.0
1677071332,1122.0,1659.0,1491.0,25.8,34.0
1677071352,1098.0,1296.0,1414.0,25.8,34.0
1677071372,1111.0,1248.0,1391.0,25.8,34.0
1677071393,1090.0,1163.0,1405.0,25.8,34.0
1677071414,1114.0,1153.0,1402.0,25.8,34.0
1677071435,1090.0,1155.0,1408.0,25.8,34.0
1677071455,1104.0,1168.0,1422.0,25.8,34.0
1677071475,1094.0,1214.0,1407.0,25.8,34.0
1677071495,1099.0,1168.0,1433.0,25.8,34.0
1677071517,1123.0,1139.0,1446.0,25.8,34.0
1677071538,1099.0,1094.0,1413.0,25.8,34.0
1677071558,1101.0,1081.0,1398.0,25.8,34.0
1677071578,1104.0,1072.0,1395.0,25.8,35.0
1677071599,1106.0,1088.0,1451.0,25.8,34.0
1677071619,1089.0,1068.0,1392.0,25.8,34.0
1677071639,1097.0,1085.0,1399.0,25.8,34.0
1677071660,1072.0,1095.0,1423.0,25.8,34.0
1677071680,1091.0,1106.0,1433.0,25.8,34.0
1677071702,1120.0,1129.0,1454.0,25.8,34.0
1677071722,1098.0,1136.0,1398.0,25.8,34.0
1677071743,1109.0,1152.0,1404.0,25.8,34.0
1677071763,1115.0,1226.0,1350.0,25.8,34.0
1677071783,1100.0,1473.0,1346.0,25.8,34.0
1677071803,1116.0,1389.0,1350.0,25.8,34.0
1677071824,1114.0,1328.0,1326.0,25.8,34.0
1677071845,1097.0,1146.0,1331.0,25.8,34.0
1677071866,1088.0,1075.0,1354.0,25.8,34.0
1677071888,1130.0,1109.0,1360.0,25.8,34.0
1677071908,1115.0,1094.0,1371.0,25.8,34.0
1677071929,1119.0,1093.0,1372.0,25.8,34.0
1677071951,1035.0,1015.0,1279.0,25.8,34.0
1677071972,1131.0,1110.0,1351.0,25.8,34.0
1677071992,1110.0,1124.0,1366.0,25.8,34.0
1677072013,1090.0,1105.0,1331.0,25.8,34.0
1677072033,1107.0,1103.0,1345.0,25.8,34.0
1677072053,1094.0,1089.0,1350.0,25.8,34.0
1677072075,1104.0,1088.0,1360.0,25.8,34.0
1677072095,1105.0,1099.0,1373.0,25.8,34.0
1677072506,4095.0,1212.0,1406.0,25.8,36.0
1677072528,4095.0,1200.0,1384.0,26.2,34.0
1677072548,4095.0,1219.0,1374.0,26.2,34.0
1677072569,4095.0,1177.0,1360.0,26.2,34.0
1677072589,4095.0,1171.0,1367.0,26.2,34.0
1677072609,4095.0,1146.0,1338.0,26.2,35.0
1677072629,4095.0,1136.0,1333.0,26.2,34.0
1677072650,4095.0,1131.0,1339.0,26.2,34.0
1677072670,4095.0,1129.0,1338.0,26.2,34.0
1677072691,4095.0,1147.0,1308.0,26.2,34.0
1677072713,4095.0,1153.0,1319.0,26.2,34.0
1677072734,4095.0,1159.0,1317.0,26.4,34.0
1677072754,4095.0,1159.0,1310.0,26.7,34.0
1677072774,4095.0,1123.0,1276.0,26.7,34.0
1677072795,4095.0,1130.0,1265.0,26.7,34.0
1677072815,4095.0,1119.0,1249.0,26.7,34.0
1677072835,4095.0,1110.0,1248.0,26.7,34.0
1677072855,4095.0,1114.0,1234.0,26.7,34.0
1677072876,4095.0,1114.0,1221.0,26.7,34.0
1677072899,4095.0,1131.0,1238.0,26.7,34.0
1677072919,4095.0,1149.0,1315.0,26.7,34.0
1677072940,4095.0,1138.0,1238.0,26.7,34.0
1677072960,4095.0,1126.0,1202.0,26.7,34.0
1677072980,4095.0,1134.0,1207.0,26.7,34.0
1677073000,4095.0,1125.0,1194.0,26.7,34.0
1677073021,4095.0,1119.0,1170.0,26.7,34.0
1677073043,4095.0,1113.0,1185.0,26.7,34.0
1677073063,4095.0,1104.0,1178.0,26.7,34.0
1677073085,4095.0,1118.0,1163.0,27.1,34.0
1677073105,4095.0,1108.0,1159.0,27.1,34.0
1677073125,4095.0,1108.0,1151.0,27.1,34.0
1677073147,4095.0,1104.0,1163.0,27.1,34.0
1677073167,4095.0,1115.0,1150.0,27.1,34.0
1677073188,4095.0,1117.0,1141.0,27.1,34.0
1677073208,4095.0,1104.0,1150.0,27.1,34.0
1677073228,4095.0,1111.0,1136.0,27.1,34.0
1677073249,4095.0,1110.0,1139.0,27.1,34.0
1677073273,4095.0,1116.0,1138.0,27.1,34.0
1677073293,4095.0,1104.0,1133.0,27.1,34.0
1677073313,4095.0,1249.0,1134.0,27.1,34.0
1677073334,4095.0,1103.0,1136.0,27.1,34.0
1677073354,4095.0,1125.0,1137.0,27.1,34.0
1677073374,4095.0,1131.0,1138.0,27.1,34.0
1677073397,4095.0,1122.0,1121.0,27.1,34.0
1677073417,4095.0,1136.0,1136.0,27.1,34.0
1677073437,4095.0,1134.0,1171.0,27.1,34.0
1677073459,4095.0,1141.0,1170.0,27.1,34.0
1677073479,4095.0,1155.0,1151.0,27.1,34.0
1677073500,4095.0,1155.0,1182.0,27.1,34.0
1677073520,4095.0,1153.0,1191.0,27.1,34.0
1677073540,4095.0,1207.0,1153.0,27.1,34.0
1677074045,4095.0,1217.0,1150.0,27.1,34.0
1677074068,4095.0,1219.0,1171.0,26.7,34.0
1677074088,4095.0,1215.0,1147.0,27.0,34.0
1677074108,4095.0,1215.0,1143.0,27.1,34.0
1677074129,1014.0,1739.0,1424.0,27.1,34.0
1677074150,954.0,1793.0,1419.0,27.1,35.0
1677074171,941.0,2032.0,1445.0,27.1,34.0
1677074191,4095.0,1171.0,1488.0,26.7,34.0
1677074211,4095.0,765.0,1619.0,27.1,34.0
1677074231,4095.0,739.0,1489.0,27.1,34.0
1677074253,986.0,754.0,1488.0,27.1,34.0
1677074273,1044.0,755.0,2339.0,27.1,34.0
1677074294,1035.0,755.0,1511.0,27.1,34.0
1677074314,976.0,1357.0,1440.0,27.1,34.0
1677074335,959.0,1346.0,1439.0,27.1,34.0
1677074355,943.0,1315.0,1466.0,27.1,34.0
1677074375,957.0,1318.0,1410.0,27.1,34.0
1677074396,951.0,1300.0,1405.0,27.1,34.0
1677074416,951.0,1255.0,1410.0,27.1,34.0
1677074438,947.0,1263.0,1404.0,27.1,34.0
1677074458,945.0,1267.0,1368.0,27.1,34.0
1677074479,935.0,1239.0,1407.0,27.1,34.0
1677074499,951.0,1240.0,1408.0,27.1,34.0
1677074519,4095.0,1249.0,1407.0,27.1,34.0
1677074540,4095.0,1255.0,1410.0,27.1,34.0
1677074561,4095.0,1296.0,2163.0,27.1,34.0
1677074581,4095.0,1243.0,1411.0,27.1,34.0
1677074601,4095.0,1251.0,1429.0,27.1,34.0
1677074623,4095.0,1258.0,1430.0,27.1,33.0
1677074643,4095.0,1264.0,1438.0,27.1,33.0
1677074664,4095.0,1205.0,1436.0,27.1,33.0
1677074684,4095.0,1172.0,1424.0,27.1,33.0
1677074705,4095.0,1218.0,1437.0,27.1,33.0
1677074726,4095.0,1232.0,1454.0,27.1,33.0
1677074746,4095.0,1235.0,1392.0,27.1,33.0
1677074768,4095.0,1214.0,1399.0,27.1,33.0
1677074788,4095.0,1208.0,1395.0,27.1,33.0
1677074810,4095.0,1246.0,1435.0,27.1,33.0
1677074830,4095.0,1203.0,1403.0,27.1,33.0
1677074850,4095.0,1216.0,1407.0,27.1,33.0
1677074871,4095.0,1215.0,1410.0,27.1,33.0
1677074891,4095.0,1232.0,1424.0,27.1,33.0
1677074912,4095.0,1233.0,1424.0,27.1,33.0
1677074932,4095.0,1244.0,1451.0,27.1,33.0
1677074952,4095.0,1215.0,1452.0,27.1,33.0
1677074973,4095.0,1211.0,1430.0,27.1,33.0
1677074994,4095.0,1235.0,1470.0,27.1,33.0
1677075015,4095.0,1232.0,1462.0,27.1,33.0
1677075035,4095.0,1226.0,1487.0,27.1,33.0
1677075055,4095.0,1207.0,1466.0,27.1,33.0
1677075076,4095.0,1195.0,1477.0,27.1,33.0
1677075096,4095.0,1195.0,1472.0,27.1,33.0
1677075116,4095.0,1199.0,1466.0,26.9,33.0
1677075136,4095.0,1200.0,1466.0,26.7,33.0
1677075157,4095.0,1189.0,1453.0,26.7,33.0
1677075179,4095.0,1180.0,1475.0,26.7,33.0
1677075199,4095.0,1195.0,1484.0,26.7,33.0
1677075219,4095.0,1195.0,1489.0,26.7,33.0
1677075240,4095.0,1200.0,1502.0,26.7,33.0
1677075260,4095.0,1211.0,1526.0,26.7,33.0
1677075280,4095.0,1212.0,1491.0,26.7,33.0
1677075300,4095.0,1216.0,1489.0,26.7,33.0
1677075321,4095.0,1216.0,1488.0,26.7,33.0
1677075341,4095.0,1222.0,1488.0,26.7,33.0
1677075363,4095.0,1200.0,1488.0,26.7,33.0
1677075383,4095.0,1200.0,1505.0,26.7,33.0
1677075404,4095.0,1198.0,1484.0,26.7,33.0
1677075424,4095.0,1202.0,1482.0,26.7,33.0
1677075444,4095.0,1173.0,1434.0,26.7,33.0
1677075464,4095.0,1195.0,1481.0,26.7,33.0
1677075485,4095.0,1191.0,1488.0,26.7,33.0
1677075505,4095.0,1205.0,1482.0,26.7,33.0
1677075525,4095.0,1209.0,1486.0,26.7,33.0
1677075547,4095.0,1197.0,1485.0,26.7,33.0
1677075567,4095.0,1212.0,1487.0,26.7,33.0
1677075588,4095.0,1221.0,1488.0,26.7,33.0
1677075608,4095.0,1199.0,1486.0,26.7,33.0
1677075628,4095.0,1203.0,1490.0,26.7,33.0
1677075649,4095.0,1210.0,1489.0,26.7,33.0
1677075669,4095.0,1216.0,1492.0,26.7,33.0
1677075689,4095.0,1200.0,1499.0,26.6,33.0
1677075709,4095.0,1221.0,1515.0,26.5,33.0
1677075731,4095.0,1207.0,1499.0,26.2,33.0
1677075752,4095.0,1245.0,1506.0,26.2,33.0
1677075773,4095.0,1239.0,1525.0,26.2,33.0
1677075793,4095.0,1255.0,1504.0,26.2,33.0
1677075813,4095.0,1232.0,1493.0,26.2,33.0
1677075834,4095.0,1233.0,1503.0,26.2,33.0
1677075854,4095.0,1250.0,1502.0,26.2,33.0
1677075874,4095.0,1233.0,1502.0,26.2,33.0
1677075895,4095.0,1218.0,1504.0,26.2,33.0
1677075917,4095.0,1220.0,1505.0,26.2,33.0
1677075937,4095.0,1234.0,1506.0,26.2,33.0
1677075958,4095.0,1229.0,1514.0,26.2,33.0
1677075978,4095.0,1218.0,1530.0,26.2,33.0
1677075998,4095.0,1230.0,1535.0,26.2,33.0
1677076018,4095.0,1230.0,1552.0,26.2,33.0
1677076039,4095.0,1225.0,1555.0,26.2,33.0
1677076059,4095.0,1231.0,1559.0,26.2,33.0
1677076081,4095.0,1231.0,1553.0,26.2,33.0
1677076106,4095.0,1232.0,1562.0,26.2,33.0
1677076126,4095.0,1232.0,1578.0,26.2,33.0
1677076147,4095.0,1235.0,1586.0,26.2,33.0
1677076168,4095.0,1232.0,1587.0,26.2,33.0
1677076188,4095.0,1220.0,1587.0,26.2,33.0
1677076208,4095.0,1242.0,1583.0,26.2,33.0
1677076228,4095.0,1233.0,1579.0,26.2,33.0
1677076249,4095.0,1230.0,1571.0,26.2,33.0
1677076269,4095.0,1239.0,1578.0,25.8,33.0
1677076291,4095.0,1232.0,1579.0,25.8,33.0
1677076311,4095.0,1229.0,1571.0,25.8,33.0
1677076332,4095.0,1231.0,1570.0,25.8,33.0
1677076352,4095.0,1262.0,1567.0,25.8,33.0
1677076372,4095.0,1251.0,1567.0,25.8,33.0
1677076393,4095.0,1232.0,1555.0,25.8,33.0
1677076413,4095.0,1229.0,1552.0,25.8,33.0
1677076434,4095.0,1240.0,1550.0,25.8,33.0
1677076454,4095.0,1270.0,1555.0,25.8,33.0
1677076476,4095.0,1265.0,1562.0,25.8,33.0
1677076496,4095.0,1245.0,1563.0,25.8,33.0
1677076516,4095.0,1289.0,1582.0,25.8,33.0
1677076537,4095.0,1294.0,1575.0,25.8,34.0
1677076557,4095.0,1275.0,1549.0,25.8,34.0
1677076577,4095.0,1283.0,1552.0,25.8,34.0
1677076597,4095.0,1280.0,1554.0,25.8,34.0
1677076618,4095.0,1279.0,1566.0,25.8,34.0
1677076638,4095.0,1284.0,1559.0,25.8,34.0
1677076660,4095.0,1296.0,1569.0,25.8,34.0
1677076680,4095.0,1289.0,1575.0,25.8,34.0
1677076701,4095.0,1281.0,1573.0,25.8,34.0
1677076721,4095.0,1279.0,1585.0,25.8,34.0
1677076741,4095.0,1286.0,1578.0,25.8,34.0
1677076762,4095.0,1291.0,1582.0,25.8,34.0
1677076783,4095.0,1266.0,1584.0,25.8,34.0
1677076803,4095.0,1261.0,1575.0,25.8,34.0
1677076823,4095.0,1273.0,1579.0,25.8,34.0
1677076845,4095.0,822.0,1493.0,25.8,34.0
1677076866,4095.0,830.0,1488.0,25.8,34.0
1677076886,4095.0,841.0,1494.0,25.8,34.0
1677076906,4095.0,827.0,1488.0,25.8,34.0
1677076926,4095.0,827.0,1488.0,25.8,34.0
1677076947,4095.0,831.0,1487.0,25.8,34.0
1677076967,4095.0,832.0,1490.0,25.8,34.0
1677076987,4095.0,823.0,1493.0,26.2,34.0
1677077007,4095.0,831.0,1505.0,26.2,34.0
1677077029,4095.0,828.0,1493.0,26.2,34.0
1677077049,4095.0,828.0,1494.0,26.2,34.0
1677077072,4095.0,834.0,1493.0,26.2,34.0
1677077092,4095.0,827.0,1503.0,26.2,34.0
1677077112,4095.0,828.0,1498.0,26.2,34.0
1677077132,4095.0,827.0,1510.0,26.2,34.0
1677077154,4095.0,833.0,1485.0,26.2,34.0
1677077177,4095.0,832.0,1517.0,26.2,34.0
1677077201,4095.0,825.0,1509.0,26.2,34.0
1677077222,4095.0,831.0,1502.0,26.2,34.0
1677077242,4095.0,825.0,1514.0,26.2,34.0
1677077262,4095.0,822.0,1520.0,26.2,34.0
1677077285,4095.0,828.0,1520.0,26.2,34.0
1677077305,4095.0,832.0,1503.0,26.2,34.0
1677077325,4095.0,825.0,1534.0,26.2,34.0
1677077346,4095.0,770.0,1440.0,26.2,34.0
1677077366,4095.0,840.0,1510.0,26.2,34.0
1677077388,4095.0,823.0,1535.0,26.2,34.0
1677077408,4095.0,765.0,1484.0,26.2,34.0
1677077430,4095.0,838.0,1494.0,26.2,34.0
1677077450,4095.0,834.0,1483.0,26.2,34.0
1677077471,4095.0,837.0,1488.0,26.2,34.0
1677077491,4095.0,838.0,1494.0,26.2,34.0
1677077511,4095.0,848.0,1488.0,26.2,34.0
1677077532,4095.0,843.0,1485.0,26.2,34.0
1677077552,4095.0,841.0,1485.0,26.2,34.0
1677077573,4095.0,838.0,1482.0,26.2,34.0
1677077594,4095.0,838.0,1490.0,26.2,34.0
1677077614,4095.0,843.0,1489.0,26.2,34.0
1677077635,4095.0,837.0,1494.0,26.2,34.0
1677077655,4095.0,835.0,1498.0,26.2,34.0
1677077675,4095.0,842.0,1483.0,26.2,34.0
1677077695,4095.0,849.0,1492.0,26.2,34.0
1677077716,4095.0,838.0,1485.0,26.2,34.0
1677077736,4095.0,849.0,1493.0,26.2,34.0
1677077760,4095.0,839.0,1488.0,26.3,34.0
1677077780,4095.0,847.0,1482.0,26.2,34.0
1677077801,4095.0,847.0,1498.0,26.2,34.0
1677077821,4095.0,838.0,1503.0,26.2,34.0
1677077842,4095.0,847.0,1504.0,26.3,34.0
1677077862,4095.0,848.0,1500.0,26.2,34.0
1677077882,4095.0,842.0,1503.0,26.2,34.0
1677077902,4095.0,843.0,1510.0,26.2,34.0
1677077923,951.0,853.0,1511.0,26.2,34.0
1677077944,943.0,857.0,1507.0,26.2,34.0
1677077965,949.0,848.0,1523.0,26.2,34.0
1677077985,956.0,848.0,1509.0,26.2,34.0
1677078007,957.0,854.0,1510.0,26.2,34.0
1677078027,948.0,861.0,1527.0,26.2,34.0
1677078047,944.0,850.0,1521.0,26.4,34.0
1677078067,944.0,848.0,1519.0,26.6,34.0
1677078088,956.0,861.0,1516.0,26.7,34.0
1677078108,950.0,855.0,1526.0,26.7,34.0
1677078130,953.0,874.0,1520.0,26.5,34.0
1677078150,976.0,848.0,1525.0,26.7,34.0
1677078171,935.0,833.0,1498.0,26.7,34.0
1677078191,965.0,848.0,1531.0,26.5,34.0
1677078211,954.0,857.0,1530.0,26.2,34.0
1677078232,958.0,854.0,1518.0,26.2,34.0
1677078252,951.0,853.0,1548.0,26.2,34.0
1677078272,935.0,853.0,1552.0,26.3,35.0
1677078292,944.0,784.0,1456.0,26.2,35.0
1677078314,958.0,857.0,1567.0,26.3,35.0
1677078335,954.0,857.0,1562.0,26.5,35.0
1677078355,967.0,851.0,1552.0,26.7,35.0
1677078375,955.0,866.0,1563.0,26.7,35.0
1677078395,947.0,854.0,1581.0,26.7,34.0
1677078416,960.0,847.0,1557.0,26.7,34.0
1677078436,954.0,850.0,1568.0,26.7,35.0
1677078456,945.0,852.0,1567.0,26.7,35.0
1677078476,963.0,857.0,1559.0,26.7,35.0
1677078499,955.0,861.0,1547.0,26.3,35.0
1677078519,965.0,861.0,1517.0,26.2,35.0
1677078539,960.0,794.0,1519.0,26.2,35.0
1677078559,957.0,857.0,1526.0,26.2,35.0
1677078580,949.0,858.0,1513.0,26.2,35.0
1677078600,974.0,853.0,1521.0,26.2,35.0
1677078620,948.0,851.0,1527.0,26.2,35.0
1677078641,1013.0,996.0,1552.0,26.2,35.0
1677078661,4095.0,1714.0,1490.0,26.2,35.0
1677078683,4095.0,1802.0,1584.0,26.2,35.0
1677078703,4095.0,1801.0,1575.0,26.2,35.0
1677078723,4095.0,1795.0,1581.0,26.2,35.0
1677078744,4095.0,1790.0,1583.0,26.2,35.0
1677078765,4095.0,1805.0,1589.0,26.2,35.0
1677078786,4095.0,1792.0,1590.0,26.2,35.0
1677078806,4095.0,1787.0,1589.0,26.2,35.0
1677078827,4095.0,1799.0,1598.0,26.2,35.0
1677078847,4095.0,1787.0,1598.0,26.2,35.0
1677078869,4095.0,1791.0,1601.0,26.2,35.0
1677078890,4095.0,1663.0,1506.0,26.2,35.0
1677078910,4095.0,1792.0,1615.0,26.2,35.0
1677078930,4095.0,1773.0,1631.0,26.7,35.0
1677078950,4095.0,1778.0,1622.0,26.7,35.0
1677078971,4095.0,1648.0,1603.0,26.7,35.0
1677078993,4095.0,1766.0,1600.0,26.7,35.0
1677079013,4095.0,1766.0,1597.0,26.7,35.0
1677079034,4095.0,1775.0,1785.0,26.7,35.0
1677079055,4095.0,1767.0,1770.0,26.7,35.0
1677079077,4095.0,1765.0,1766.0,26.2,35.0
1677079098,4095.0,1643.0,1623.0,26.2,35.0
1677079119,4095.0,1771.0,1778.0,26.2,35.0
1677079140,4095.0,1763.0,1766.0,26.2,35.0
1677079160,4095.0,1626.0,1616.0,26.2,35.0
1677079180,4095.0,1756.0,1735.0,26.2,35.0
1677079200,4095.0,1642.0,1603.0,26.2,35.0
1677079221,4095.0,1762.0,1729.0,26.2,35.0
1677079243,4095.0,1771.0,1737.0,26.2,35.0
1677079263,4095.0,1771.0,1722.0,26.2,35.0
1677079283,4095.0,1775.0,1714.0,26.7,35.0
1677079304,4095.0,1766.0,1749.0,26.5,35.0
1677079324,4095.0,1754.0,1747.0,26.7,35.0
1677079344,4095.0,1769.0,1760.0,26.7,35.0
1677079365,4095.0,1778.0,1758.0,26.7,35.0
1677079385,4095.0,1759.0,1755.0,26.7,35.0
1677079405,4095.0,1760.0,1745.0,26.7,35.0
1677079427,4095.0,1755.0,1787.0,26.7,35.0
1677079447,4095.0,1755.0,1739.0,26.7,35.0
1677079468,4095.0,1770.0,1746.0,26.7,35.0
1677079488,4095.0,1770.0,1762.0,26.7,35.0
1677079508,4095.0,1770.0,1739.0,26.4,35.0
1677079529,4095.0,1635.0,1599.0,26.7,35.0
1677079549,4095.0,1766.0,1744.0,26.7,35.0
1677079569,4095.0,1759.0,1746.0,26.7,35.0
1677079591,4095.0,1761.0,1776.0,26.7,35.0
1677079613,4095.0,1755.0,1771.0,26.7,35.0
1677079633,4095.0,1617.0,1626.0,26.7,35.0
1677079655,4095.0,1553.0,1755.0,26.7,35.0
1677079675,4095.0,1555.0,1775.0,26.7,35.0
1677079695,4095.0,1518.0,1787.0,26.7,35.0
1677079717,4095.0,1331.0,1783.0,26.7,35.0
1677079739,4095.0,1447.0,1773.0,26.7,35.0
1677079759,4095.0,1368.0,1803.0,26.7,35.0
1677079780,4095.0,1228.0,1792.0,26.7,35.0
1677079802,4095.0,1343.0,1778.0,26.7,35.0
1677079822,4095.0,1323.0,1794.0,26.7,35.0
1677079844,4095.0,1302.0,1779.0,26.7,35.0
1677079865,4095.0,1311.0,1792.0,26.7,35.0
1677079885,4095.0,1265.0,1814.0,26.7,35.0
1677079905,4095.0,1280.0,1813.0,26.7,35.0
1677079925,4095.0,1122.0,1667.0,26.7,35.0
1677079947,4095.0,1277.0,1840.0,26.7,35.0
1677079967,4095.0,1232.0,1833.0,26.7,35.0
1677079989,4095.0,1251.0,1815.0,26.7,35.0
1677080010,4095.0,1218.0,1808.0,26.7,35.0
1677080030,4095.0,1230.0,1820.0,26.7,35.0
1677080050,4095.0,1105.0,1662.0,26.7,35.0
1677080072,4095.0,1246.0,1810.0,26.7,35.0
1677080092,4095.0,1264.0,1859.0,26.7,35.0
1677080113,4095.0,1264.0,1851.0,26.7,35.0
1677080133,4095.0,1218.0,1835.0,26.7,35.0
1677080153,4095.0,1198.0,1821.0,26.7,35.0
1677080177,4095.0,1177.0,1825.0,26.7,35.0
1677080197,4095.0,1068.0,1682.0,26.7,35.0
1677080219,4095.0,1163.0,1805.0,26.7,35.0
1677080239,4095.0,1154.0,1660.0,26.7,35.0
1677080261,4095.0,1179.0,1808.0,26.7,35.0
1677080281,4095.0,1169.0,1805.0,26.7,35.0
1677080301,4095.0,1045.0,1802.0,26.2,35.0
1677080321,4095.0,1165.0,1827.0,26.2,35.0
1677080342,4095.0,1173.0,1814.0,26.2,35.0
1677080365,4095.0,1164.0,1800.0,26.2,35.0
1677080385,4095.0,1166.0,1777.0,26.2,35.0
1677080406,4095.0,1165.0,1779.0,26.2,35.0
1677080426,4095.0,1150.0,1789.0,26.2,35.0
1677080446,4095.0,1157.0,1801.0,26.2,35.0
1677080467,4095.0,1039.0,1663.0,26.2,35.0
1677080491,4095.0,1154.0,1568.0,26.7,35.0
1677080513,4095.0,1166.0,1555.0,26.7,35.0
1677080533,4095.0,899.0,1558.0,26.7,35.0
1677080555,4095.0,904.0,1535.0,26.7,35.0
1677080575,4095.0,848.0,1446.0,26.7,35.0
1677080597,4095.0,905.0,1556.0,26.7,35.0
1677080617,4095.0,944.0,1552.0,26.7,35.0
1677080639,4095.0,899.0,1535.0,26.7,35.0
1677080659,4095.0,849.0,1462.0,26.7,35.0
1677080679,4095.0,905.0,1553.0,26.7,35.0
1677080701,4095.0,899.0,1559.0,26.7,35.0
1677080722,4095.0,908.0,1572.0,26.7,35.0
1677080742,4095.0,903.0,1605.0,26.7,35.0
1677080762,4095.0,899.0,1532.0,26.7,35.0
1677080783,4095.0,855.0,1462.0,26.7,35.0
1677080804,4095.0,898.0,1493.0,26.7,35.0
1677080824,4095.0,900.0,1491.0,26.7,35.0
1677080845,4095.0,911.0,1490.0,26.7,35.0
1677080865,4095.0,909.0,1488.0,26.7,35.0
1677080887,4095.0,901.0,1511.0,26.7,35.0
1677080907,4095.0,845.0,1483.0,26.7,35.0
1677080929,4095.0,843.0,1456.0,26.7,35.0
1677080950,4095.0,906.0,1543.0,26.7,35.0
1677080970,4095.0,911.0,1535.0,26.7,35.0
1677080991,4095.0,903.0,1502.0,26.7,35.0
1677081011,4095.0,837.0,1441.0,26.7,35.0
1677081031,4095.0,906.0,1523.0,26.7,35.0
1677081052,4095.0,905.0,1504.0,26.7,35.0
1677081074,4095.0,896.0,1493.0,26.7,35.0
1677081094,4095.0,911.0,1517.0,26.7,34.0
1677081116,4095.0,903.0,1521.0,26.9,34.0
1677081136,4095.0,912.0,1506.0,27.1,34.0
1677081156,4095.0,899.0,1513.0,26.7,34.0
1677081176,4095.0,905.0,1520.0,26.7,34.0
1677081197,4095.0,895.0,1483.0,26.7,34.0
1677081217,4095.0,899.0,1504.0,26.7,34.0
1677081237,4095.0,903.0,1519.0,26.7,34.0
1677081259,4095.0,899.0,1511.0,26.7,35.0
1677081280,4095.0,912.0,1506.0,26.7,35.0
1677081300,4095.0,899.0,1505.0,26.7,35.0
1677081321,4095.0,902.0,1503.0,26.7,35.0
1677081344,4095.0,903.0,1493.0,26.7,35.0
1677081365,4095.0,896.0,1495.0,26.7,35.0
1677081385,4095.0,906.0,1498.0,26.7,34.0
1677081405,4095.0,903.0,1488.0,26.7,34.0
1677081426,4095.0,850.0,1477.0,26.7,34.0
1677081448,4095.0,902.0,1495.0,26.7,35.0
1677081468,4095.0,906.0,1491.0,26.7,35.0
1677081488,4095.0,848.0,1395.0,26.7,34.0
1677081510,4095.0,905.0,1488.0,26.7,35.0
1677081530,4095.0,899.0,1475.0,26.7,35.0
1677081552,4095.0,927.0,1518.0,26.7,35.0
1677081572,4095.0,911.0,1493.0,26.7,35.0
1677081592,4095.0,908.0,1488.0,26.7,35.0
1677081613,4095.0,902.0,1473.0,26.7,35.0
1677081637,4095.0,903.0,1487.0,27.0,35.0
1677081657,4095.0,900.0,1489.0,27.1,35.0
1677081677,4095.0,897.0,1494.0,27.1,35.0
1677081698,4095.0,899.0,1505.0,27.1,35.0
1677081718,4095.0,905.0,1526.0,27.1,35.0
1677081738,4095.0,896.0,1499.0,26.7,35.0
1677081759,4095.0,900.0,1517.0,26.7,35.0
1677081779,4095.0,895.0,1522.0,26.7,35.0
1677081800,4095.0,896.0,1511.0,26.7,35.0
1677081825,4095.0,897.0,1522.0,26.7,35.0
1677081845,4095.0,843.0,1415.0,26.7,35.0
1677081865,4095.0,905.0,1519.0,26.7,35.0
1677081885,4095.0,897.0,1501.0,26.7,35.0
1677081907,4095.0,919.0,1549.0,26.7,35.0
1677081928,4095.0,896.0,1500.0,26.7,35.0
1677081948,4095.0,900.0,1509.0,26.7,35.0
1677081968,4095.0,848.0,1520.0,26.7,35.0
1677081989,4095.0,891.0,1523.0,26.7,35.0
1677082011,4095.0,897.0,1519.0,26.7,34.0
1677082031,4095.0,842.0,1406.0,26.7,34.0
1677082051,4095.0,898.0,1488.0,26.7,34.0
1677082071,4095.0,897.0,1508.0,26.7,34.0
1677082092,4095.0,902.0,1482.0,26.7,34.0
1677082113,4095.0,899.0,1515.0,26.7,34.0
1677082134,4095.0,896.0,1497.0,26.7,34.0
1677082154,4095.0,891.0,1495.0,26.3,34.0
1677082174,4095.0,895.0,1493.0,26.2,34.0
1677082196,4095.0,901.0,1495.0,26.2,34.0
1677082217,4095.0,899.0,1490.0,26.2,34.0
1677082237,4095.0,914.0,1515.0,26.2,34.0
1677082259,4095.0,894.0,1485.0,26.2,34.0
1677082279,4095.0,835.0,1398.0,26.2,34.0
1677082299,4095.0,890.0,1494.0,26.2,34.0
1677082320,4095.0,886.0,1506.0,26.2,34.0
1677082341,4095.0,891.0,1486.0,26.2,34.0
1677082363,4095.0,894.0,1481.0,26.2,34.0
1677082385,4095.0,894.0,1471.0,26.2,34.0
1677082406,4095.0,901.0,1482.0,26.2,34.0
1677082427,4095.0,894.0,1474.0,26.2,34.0
1677082448,4095.0,891.0,1475.0,26.2,34.0
1677082468,4095.0,827.0,1465.0,26.2,34.0
1677082488,4095.0,895.0,1488.0,26.2,34.0
1677082510,4095.0,911.0,1518.0,26.2,34.0
1677082530,4095.0,893.0,1488.0,26.2,34.0
1677082551,4095.0,896.0,1481.0,26.2,34.0
1677082572,4095.0,883.0,1486.0,26.2,34.0
1677082593,4095.0,829.0,1475.0,26.2,34.0
1677082613,4095.0,903.0,1483.0,26.2,34.0
1677082633,4095.0,833.0,1394.0,26.2,34.0
1677082655,4095.0,897.0,1489.0,26.2,34.0
1677082677,4095.0,908.0,1489.0,26.2,34.0
1677082697,4095.0,896.0,1454.0,26.2,34.0
1677082718,4095.0,832.0,1375.0,26.2,34.0
1677082739,4095.0,915.0,1492.0,26.2,34.0
1677082761,4095.0,899.0,1469.0,26.2,34.0
1677082781,4095.0,897.0,1464.0,25.8,34.0
1677082802,4095.0,897.0,1471.0,25.8,34.0
1677082822,4095.0,897.0,1455.0,25.8,34.0
1677082842,4095.0,845.0,1385.0,25.8,34.0
1677082863,4095.0,894.0,1466.0,25.8,34.0
1677082883,4095.0,833.0,1391.0,25.8,34.0
1677082903,4095.0,889.0,1462.0,26.2,34.0
1677082923,4095.0,894.0,1452.0,26.2,34.0
1677082948,4095.0,894.0,1459.0,26.2,34.0
1677082968,4095.0,903.0,1456.0,26.2,34.0
1677082989,4095.0,898.0,1456.0,26.2,34.0
1677083009,4095.0,891.0,1471.0,26.2,34.0
1677083029,4095.0,891.0,1454.0,26.2,34.0
1677083052,4095.0,919.0,1473.0,26.2,34.0
1677083072,4095.0,902.0,1476.0,26.2,34.0
1677083092,4095.0,912.0,1480.0,26.2,34.0
1677083113,4095.0,896.0,1450.0,26.2,34.0
1677083137,4095.0,897.0,1446.0,26.2,34.0
1677083158,4095.0,892.0,1445.0,26.2,34.0
1677083180,4095.0,893.0,1434.0,26.2,34.0
1677083201,4095.0,832.0,1345.0,26.2,33.0
1677083222,4095.0,893.0,1427.0,26.2,34.0
1677083243,4095.0,890.0,1418.0,26.2,33.0
1677083263,4095.0,891.0,1434.0,26.2,33.0
1677083283,4095.0,897.0,1427.0,26.2,33.0
1677083304,4095.0,895.0,1421.0,26.2,33.0
1677083326,4095.0,912.0,1443.0,26.2,33.0
1677083346,4095.0,887.0,1424.0,26.2,33.0
1677083368,4095.0,900.0,1419.0,26.2,33.0
1677083388,4095.0,894.0,1426.0,26.2,33.0
1677083409,4095.0,896.0,1449.0,26.2,33.0
1677083429,4095.0,891.0,1434.0,26.2,34.0
1677083449,4095.0,898.0,1433.0,26.2,33.0
1677083469,4095.0,891.0,1437.0,26.2,33.0
1677083491,4095.0,912.0,1455.0,26.2,33.0
1677083515,4095.0,896.0,1430.0,26.2,33.0
1677083535,4095.0,912.0,1462.0,26.7,33.0
1677083556,4095.0,895.0,1442.0,26.7,33.0
1677083576,4095.0,891.0,1440.0,26.7,33.0
1677083596,4095.0,895.0,1442.0,26.7,33.0
1677083617,4095.0,892.0,1445.0,26.7,33.0
1677083637,4095.0,896.0,1455.0,26.7,33.0
1677083657,4095.0,895.0,1458.0,26.2,33.0
1677083677,4095.0,896.0,1461.0,26.2,33.0
1677083699,4095.0,898.0,1462.0,26.2,33.0
1677083720,4095.0,832.0,1390.0,26.2,33.0
1677083741,4095.0,911.0,1490.0,26.2,33.0
1677083761,4095.0,912.0,1478.0,26.2,33.0
1677083785,4095.0,901.0,1456.0,26.2,33.0
1677083801,4095.0,906.0,1472.0,26.2,33.0
1677083821,4095.0,912.0,1470.0,26.2,33.0
1677083842,4095.0,896.0,1478.0,26.2,33.0
1677083862,4095.0,912.0,1479.0,26.2,33.0
1677083883,4095.0,890.0,1451.0,26.2,33.0
1677083903,4095.0,835.0,1353.0,26.2,33.0
1677083923,4095.0,896.0,1457.0,26.2,33.0
1677083944,4095.0,831.0,1439.0,25.8,33.0
1677083964,4095.0,894.0,1429.0,25.8,33.0
1677083984,4095.0,901.0,1438.0,25.8,33.0
1677084006,4095.0,901.0,1433.0,25.8,33.0
1677084026,4095.0,897.0,1435.0,25.8,33.0
1677084047,4095.0,899.0,1423.0,26.2,33.0
1677084069,4095.0,887.0,1423.0,26.2,33.0
1677084089,4095.0,896.0,1434.0,26.2,33.0
1677084109,4095.0,919.0,1447.0,25.8,33.0
1677084129,4095.0,912.0,1503.0,25.8,33.0
1677084150,4095.0,916.0,1441.0,25.8,33.0
1677084170,4095.0,898.0,1411.0,25.8,33.0
1677084192,4095.0,890.0,1424.0,25.8,33.0
1677084212,4095.0,895.0,1415.0,25.8,33.0
1677084233,4095.0,899.0,1424.0,25.8,33.0
1677084253,4095.0,895.0,1456.0,25.8,33.0
1677084273,4095.0,902.0,1442.0,25.8,33.0
1677084293,4095.0,850.0,1430.0,25.8,33.0
1677084314,4095.0,897.0,1427.0,25.8,33.0
1677084334,4095.0,897.0,1424.0,25.8,33.0
1677084354,4095.0,899.0,1424.0,25.8,33.0
1677084376,4095.0,896.0,1406.0,25.8,33.0
1677084397,4095.0,903.0,1402.0,25.8,33.0
1677084417,4095.0,898.0,1408.0,25.8,33.0
1677084437,4095.0,906.0,1406.0,26.2,33.0
1677084458,4095.0,908.0,1401.0,26.2,33.0
1677084478,4095.0,847.0,1392.0,26.2,33.0
1677084498,4095.0,919.0,1439.0,26.2,33.0
1677084519,4095.0,908.0,1397.0,26.2,33.0
1677084539,4095.0,902.0,1408.0,26.2,33.0
1677084563,4095.0,901.0,1401.0,26.2,33.0
1677084583,4095.0,882.0,1405.0,26.2,33.0
1677084604,4095.0,902.0,1411.0,26.2,33.0
1677084624,4095.0,840.0,1328.0,26.2,33.0
1677084644,4095.0,901.0,1408.0,26.2,33.0
1677084664,4095.0,896.0,1328.0,26.2,33.0
1677084685,4095.0,906.0,1403.0,26.2,33.0
1677084705,4095.0,903.0,1403.0,26.2,33.0
1677084725,4095.0,841.0,1328.0,26.2,33.0
1677084748,4095.0,919.0,1424.0,26.2,33.0
1677084770,4095.0,851.0,1328.0,26.2,33.0
1677084790,4095.0,912.0,1408.0,26.2,33.0
1677084810,4095.0,848.0,1329.0,26.2,33.0
1677084831,4095.0,909.0,1419.0,26.2,33.0
1677084851,4095.0,902.0,1410.0,26.2,33.0
1677084871,4095.0,911.0,1408.0,26.2,33.0
1677084892,4095.0,841.0,1329.0,26.2,33.0
1677084912,4095.0,907.0,1423.0,26.2,33.0
1677084934,4095.0,905.0,1416.0,26.2,33.0
1677084954,4095.0,833.0,1338.0,26.2,33.0
1677084974,4095.0,910.0,1408.0,26.2,33.0
1677084995,4095.0,840.0,1321.0,26.2,33.0
1677085015,4095.0,903.0,1421.0,26.2,33.0
1677085035,4095.0,903.0,1425.0,26.2,33.0
1677085055,4095.0,900.0,1426.0,26.2,33.0
1677085076,4095.0,903.0,1424.0,26.2,33.0
1677085097,4095.0,913.0,1445.0,26.2,33.0
1677085119,4095.0,907.0,1421.0,26.2,33.0
1677085140,4095.0,911.0,1418.0,26.2,33.0
1677085160,4095.0,907.0,1408.0,26.2,33.0
1677085180,4095.0,896.0,1418.0,26.2,33.0
1677085200,4095.0,847.0,1328.0,26.2,33.0
1677085221,4095.0,896.0,1429.0,26.2,33.0
1677085241,4095.0,898.0,1435.0,26.2,33.0
1677085261,4095.0,907.0,1424.0,26.2,33.0
1677085283,4095.0,912.0,1435.0,26.2,33.0
1677085305,4095.0,911.0,1437.0,26.2,33.0
1677085328,4095.0,899.0,1426.0,26.2,33.0
1677085348,4095.0,910.0,1424.0,26.2,33.0
1677085369,4095.0,906.0,1440.0,26.2,33.0
1677085389,4095.0,907.0,1443.0,26.2,33.0
1677085411,4095.0,855.0,1377.0,26.2,33.0
1677085432,4095.0,915.0,1476.0,26.2,33.0
1677085454,4095.0,914.0,1475.0,26.2,33.0
1677085474,4095.0,919.0,1472.0,26.2,33.0
1677085496,4095.0,919.0,1488.0,26.2,33.0
1677085516,4095.0,859.0,1367.0,26.2,33.0
1677085536,4095.0,915.0,1446.0,25.8,33.0
1677085557,4095.0,912.0,1424.0,25.8,33.0
1677085577,4095.0,915.0,1441.0,26.2,33.0
1677085600,4095.0,919.0,1461.0,26.2,33.0
1677085620,4095.0,919.0,1445.0,26.2,33.0
1677085640,4095.0,863.0,1470.0,26.2,33.0
1677085662,4095.0,913.0,1474.0,26.2,33.0
1677085683,4095.0,912.0,1461.0,26.2,33.0
1677085704,4095.0,913.0,1469.0,26.2,33.0
1677085724,4095.0,919.0,1462.0,26.2,33.0
1677085744,4095.0,915.0,1443.0,26.2,33.0
1677085764,4095.0,912.0,1441.0,26.2,33.0
1677085785,4095.0,908.0,1402.0,25.8,33.0
1677085805,4095.0,913.0,1393.0,25.8,33.0
1677085825,4095.0,912.0,1432.0,25.8,33.0
1677085846,4095.0,910.0,1445.0,25.8,33.0
1677085867,4095.0,911.0,1445.0,25.8,33.0
1677085888,4095.0,859.0,1431.0,25.8,33.0
1677085908,4095.0,906.0,1452.0,25.8,33.0
1677085928,4095.0,919.0,1454.0,25.8,33.0
1677085949,4095.0,914.0,1463.0,25.8,33.0
1677085969,4095.0,850.0,1385.0,25.8,33.0
1677085989,4095.0,914.0,1455.0,25.8,33.0
1677086009,4095.0,923.0,1451.0,25.8,33.0
1677086030,4095.0,912.0,1434.0,25.8,33.0
1677086051,4095.0,913.0,1456.0,25.8,33.0
1677086072,4095.0,915.0,1414.0,25.8,33.0
1677086092,4095.0,917.0,1419.0,25.8,33.0
1677086112,4095.0,935.0,1470.0,25.8,33.0
1677086133,4095.0,935.0,1468.0,25.8,33.0
1677086153,4095.0,912.0,1470.0,25.8,33.0
1677086173,4095.0,909.0,1451.0,25.8,33.0
1677086194,4095.0,912.0,1461.0,25.8,33.0
1677086214,4095.0,912.0,1453.0,25.8,33.0
1677086236,4095.0,913.0,1440.0,25.8,33.0
1677086256,4095.0,913.0,1454.0,25.7,33.0
1677086276,4095.0,912.0,1411.0,25.3,33.0
1677086299,4095.0,912.0,1441.0,25.3,33.0
1677086319,4095.0,917.0,1402.0,25.8,33.0
1677086339,4095.0,931.0,1453.0,25.8,33.0
1677086360,4095.0,912.0,1429.0,25.8,33.0
1677086380,4095.0,913.0,1440.0,25.8,33.0
1677086400,4095.0,913.0,1407.0,25.8,33.0
1677086422,4095.0,914.0,1397.0,25.8,33.0
1677086443,4095.0,860.0,1437.0,25.8,34.0
1677086463,4095.0,893.0,1416.0,25.8,34.0
1677086483,4095.0,842.0,1347.0,25.8,34.0
1677086503,4095.0,911.0,1417.0,25.8,34.0
1677086524,4095.0,903.0,1424.0,25.8,34.0
1677086544,4095.0,907.0,1430.0,25.8,34.0
1677086564,4095.0,897.0,1445.0,25.8,34.0
1677086586,4095.0,923.0,1456.0,25.8,34.0
1677086608,4095.0,909.0,1428.0,25.8,34.0
1677086628,4095.0,902.0,1407.0,25.8,33.0
1677086648,4095.0,908.0,1429.0,25.8,33.0
1677086669,4095.0,901.0,1458.0,25.8,34.0
1677086689,4095.0,905.0,1425.0,25.8,34.0
1677086709,4095.0,907.0,1453.0,25.8,34.0
1677086729,4095.0,897.0,1437.0,25.3,34.0
1677086750,4095.0,903.0,1440.0,25.3,34.0
1677086770,4095.0,891.0,1427.0,25.3,34.0
1677086792,4095.0,893.0,1429.0,25.3,34.0
1677086812,4095.0,894.0,1457.0,25.3,34.0
1677086833,4095.0,838.0,1345.0,25.3,34.0
1677086853,4095.0,893.0,1451.0,25.3,34.0
1677086873,4095.0,843.0,1328.0,25.3,34.0
1677086893,4095.0,891.0,1408.0,25.3,34.0
1677086914,4095.0,894.0,1411.0,25.3,34.0
1677086934,4095.0,887.0,1406.0,25.3,34.0
1677086954,4095.0,893.0,1426.0,25.3,34.0
1677086976,4095.0,896.0,1423.0,25.3,34.0
1677086996,4095.0,890.0,1410.0,25.3,34.0
1677087017,4095.0,899.0,1402.0,25.3,34.0
1677087037,4095.0,894.0,1424.0,25.3,34.0
1677087057,4095.0,900.0,1402.0,25.3,34.0
1677087077,4095.0,896.0,1429.0,25.3,34.0
1677087102,4095.0,893.0,1395.0,25.3,34.0
1677087117,4095.0,897.0,1440.0,25.3,34.0
1677087137,4095.0,890.0,1401.0,24.8,34.0
1677087157,4095.0,899.0,1424.0,24.8,34.0
1677087178,4095.0,901.0,1433.0,24.8,34.0
1677087198,4095.0,896.0,1411.0,24.8,34.0
1677087218,4095.0,885.0,1323.0,24.8,34.0
1677087241,4095.0,896.0,1424.0,24.8,34.0
1677087261,4095.0,835.0,1323.0,24.8,34.0
1677087281,4095.0,899.0,1402.0,24.8,34.0
1677087302,4095.0,895.0,1393.0,24.8,34.0
1677087326,4095.0,896.0,1397.0,24.8,34.0
1677087346,4095.0,895.0,1411.0,24.8,34.0
1677087366,4095.0,895.0,1443.0,24.8,34.0
1677087386,4095.0,899.0,1426.0,24.8,34.0
1677087407,4095.0,901.0,1417.0,24.8,34.0
1677087427,4095.0,851.0,1431.0,24.8,34.0
1677087450,4095.0,894.0,1406.0,24.8,34.0
1677087471,4095.0,897.0,1438.0,24.8,34.0
1677087492,4095.0,881.0,1423.0,24.8,34.0
1677087513,4095.0,898.0,1445.0,24.8,34.0
1677087534,4095.0,901.0,1418.0,24.8,34.0
1677087554,4095.0,898.0,1434.0,24.8,34.0
1677087574,4095.0,903.0,1424.0,24.8,34.0
1677087595,4095.0,897.0,1429.0,24.8,34.0
1677087615,4095.0,893.0,1472.0,24.8,34.0
1677087637,4095.0,895.0,1439.0,24.8,34.0
1677087658,4095.0,903.0,1444.0,24.8,34.0
1677087678,4095.0,894.0,1437.0,24.8,34.0
1677087700,4095.0,896.0,1427.0,24.8,34.0
1677087721,4095.0,837.0,1345.0,24.8,34.0
1677087741,4095.0,889.0,1442.0,24.8,34.0
1677087762,4095.0,898.0,1447.0,24.8,34.0
1677087782,4095.0,902.0,1443.0,24.9,34.0
1677087802,4095.0,899.0,1451.0,25.3,34.0
1677087823,4095.0,887.0,1381.0,25.3,34.0
1677087843,4095.0,893.0,1457.0,25.3,34.0
1677087863,4095.0,832.0,1445.0,25.3,34.0
1677087885,4095.0,896.0,1450.0,25.3,34.0
1677087905,4095.0,899.0,1451.0,25.3,34.0
1677087926,4095.0,895.0,1489.0,25.3,34.0
1677087946,4095.0,891.0,1474.0,25.3,34.0
1677087968,4095.0,853.0,1393.0,25.3,34.0
1677087989,4095.0,909.0,1456.0,25.3,34.0
1677088011,4095.0,912.0,1440.0,25.3,34.0
1677088031,4095.0,917.0,1456.0,25.3,34.0
1677088072,4095.0,915.0,1459.0,25.3,33.0
1677088093,4095.0,915.0,1439.0,25.3,33.0
1677088114,4095.0,911.0,1456.0,25.3,33.0
1677088134,4095.0,907.0,1447.0,25.3,33.0
1677088154,4095.0,843.0,1317.0,25.3,33.0
1677088175,4095.0,930.0,1511.0,25.3,33.0
1677088195,4095.0,868.0,1509.0,25.3,33.0
1677088216,4095.0,911.0,1509.0,25.3,33.0
1677088237,4095.0,909.0,1484.0,25.3,33.0
1677088257,4095.0,917.0,1473.0,25.3,33.0
1677088279,4095.0,913.0,1510.0,25.3,33.0
1677088299,4095.0,921.0,1508.0,25.3,33.0
1677088319,4095.0,896.0,1475.0,25.3,33.0
1677088339,4095.0,911.0,1488.0,25.3,34.0
1677088360,4095.0,912.0,1495.0,25.3,34.0
1677088380,4095.0,902.0,1494.0,25.3,34.0
1677088400,4095.0,902.0,1437.0,25.3,33.0
1677088421,4095.0,910.0,1456.0,25.3,33.0
1677088441,4095.0,910.0,1456.0,25.6,33.0
1677088463,4095.0,909.0,1475.0,25.5,33.0
1677088483,4095.0,897.0,1478.0,25.3,33.0
1677088504,4095.0,898.0,1442.0,25.3,33.0
1677088524,4095.0,899.0,1476.0,25.3,33.0
1677088544,4095.0,912.0,1479.0,25.3,33.0
1677088565,4095.0,910.0,1447.0,25.3,33.0
1677088585,4095.0,908.0,1445.0,25.3,33.0
1677088606,4095.0,901.0,1427.0,25.3,33.0
1677088627,4095.0,907.0,1425.0,25.3,33.0
1677088648,4095.0,907.0,1425.0,25.3,33.0
1677088669,4095.0,912.0,1415.0,25.3,33.0
1677088689,4095.0,899.0,1451.0,25.3,33.0
